ano,mes,mes_nome,capitulo,grupo_cid,aih
2016,1,Jan,Cap 01,Infeccioso/Parasitário,77263
2016,1,Jan,Cap 02,Neoplasias,60236
2016,1,Jan,Cap 03,Sangue/Imunidade,8462
2016,1,Jan,Cap 04,Endócrino/Metabólico,21975
2016,1,Jan,Cap 05,Mental/Comportamental,27592
2016,1,Jan,Cap 06,Nervoso,16622
2016,1,Jan,Cap 07,Olho/Anexos,7293
2016,1,Jan,Cap 08,Ouvido,1545
2016,1,Jan,Cap 09,Cardiovascular,92102
2016,1,Jan,Cap 10,Respiratório,71089
2016,1,Jan,Cap 11,Digestivo,86911
2016,1,Jan,Cap 12,Pele/Subcutâneo,20546
2016,1,Jan,Cap 13,Osteomuscular,15588
2016,1,Jan,Cap 14,Geniturinário,64343
2016,1,Jan,Cap 15,Materno/Perinatal,199722
2016,1,Jan,Cap 16,Perinatal,21404
2016,1,Jan,Cap 17,Congênito,6219
2016,1,Jan,Cap 18,Sintomas/Sinais,14190
2016,1,Jan,Cap 19,Lesões/Traumas,92256
2016,1,Jan,Cap 20,Causas Externas,0
2016,1,Jan,Cap 21,Fatores de Saúde,16354
2016,2,Fev,Cap 01,Infeccioso/Parasitário,88594
2016,2,Fev,Cap 02,Neoplasias,58545
2016,2,Fev,Cap 03,Sangue/Imunidade,8267
2016,2,Fev,Cap 04,Endócrino/Metabólico,21556
2016,2,Fev,Cap 05,Mental/Comportamental,24350
2016,2,Fev,Cap 06,Nervoso,15158
2016,2,Fev,Cap 07,Olho/Anexos,7354
2016,2,Fev,Cap 08,Ouvido,1494
2016,2,Fev,Cap 09,Cardiovascular,87434
2016,2,Fev,Cap 10,Respiratório,71330
2016,2,Fev,Cap 11,Digestivo,84701
2016,2,Fev,Cap 12,Pele/Subcutâneo,20631
2016,2,Fev,Cap 13,Osteomuscular,15384
2016,2,Fev,Cap 14,Geniturinário,63214
2016,2,Fev,Cap 15,Materno/Perinatal,193417
2016,2,Fev,Cap 16,Perinatal,20694
2016,2,Fev,Cap 17,Congênito,6200
2016,2,Fev,Cap 18,Sintomas/Sinais,14540
2016,2,Fev,Cap 19,Lesões/Traumas,88906
2016,2,Fev,Cap 20,Causas Externas,0
2016,2,Fev,Cap 21,Fatores de Saúde,16690
2016,3,Mar,Cap 01,Infeccioso/Parasitário,90114
2016,3,Mar,Cap 02,Neoplasias,67554
2016,3,Mar,Cap 03,Sangue/Imunidade,8956
2016,3,Mar,Cap 04,Endócrino/Metabólico,22881
2016,3,Mar,Cap 05,Mental/Comportamental,26342
2016,3,Mar,Cap 06,Nervoso,17290
2016,3,Mar,Cap 07,Olho/Anexos,9165
2016,3,Mar,Cap 08,Ouvido,1747
2016,3,Mar,Cap 09,Cardiovascular,96860
2016,3,Mar,Cap 10,Respiratório,100223
2016,3,Mar,Cap 11,Digestivo,95815
2016,3,Mar,Cap 12,Pele/Subcutâneo,23133
2016,3,Mar,Cap 13,Osteomuscular,18509
2016,3,Mar,Cap 14,Geniturinário,69609
2016,3,Mar,Cap 15,Materno/Perinatal,212519
2016,3,Mar,Cap 16,Perinatal,22771
2016,3,Mar,Cap 17,Congênito,7320
2016,3,Mar,Cap 18,Sintomas/Sinais,15777
2016,3,Mar,Cap 19,Lesões/Traumas,95402
2016,3,Mar,Cap 20,Causas Externas,0
2016,3,Mar,Cap 21,Fatores de Saúde,20460
2016,4,Abr,Cap 01,Infeccioso/Parasitário,78340
2016,4,Abr,Cap 02,Neoplasias,62078
2016,4,Abr,Cap 03,Sangue/Imunidade,8198
2016,4,Abr,Cap 04,Endócrino/Metabólico,20468
2016,4,Abr,Cap 05,Mental/Comportamental,25060
2016,4,Abr,Cap 06,Nervoso,15867
2016,4,Abr,Cap 07,Olho/Anexos,8614
2016,4,Abr,Cap 08,Ouvido,1608
2016,4,Abr,Cap 09,Cardiovascular,89231
2016,4,Abr,Cap 10,Respiratório,116117
2016,4,Abr,Cap 11,Digestivo,88245
2016,4,Abr,Cap 12,Pele/Subcutâneo,21360
2016,4,Abr,Cap 13,Osteomuscular,16905
2016,4,Abr,Cap 14,Geniturinário,65165
2016,4,Abr,Cap 15,Materno/Perinatal,204461
2016,4,Abr,Cap 16,Perinatal,22316
2016,4,Abr,Cap 17,Congênito,6570
2016,4,Abr,Cap 18,Sintomas/Sinais,14770
2016,4,Abr,Cap 19,Lesões/Traumas,93196
2016,4,Abr,Cap 20,Causas Externas,0
2016,4,Abr,Cap 21,Fatores de Saúde,18622
2016,5,Mai,Cap 01,Infeccioso/Parasitário,67988
2016,5,Mai,Cap 02,Neoplasias,66367
2016,5,Mai,Cap 03,Sangue/Imunidade,7797
2016,5,Mai,Cap 04,Endócrino/Metabólico,19704
2016,5,Mai,Cap 05,Mental/Comportamental,24639
2016,5,Mai,Cap 06,Nervoso,16660
2016,5,Mai,Cap 07,Olho/Anexos,9481
2016,5,Mai,Cap 08,Ouvido,1676
2016,5,Mai,Cap 09,Cardiovascular,95788
2016,5,Mai,Cap 10,Respiratório,124596
2016,5,Mai,Cap 11,Digestivo,92614
2016,5,Mai,Cap 12,Pele/Subcutâneo,21299
2016,5,Mai,Cap 13,Osteomuscular,18013
2016,5,Mai,Cap 14,Geniturinário,65686
2016,5,Mai,Cap 15,Materno/Perinatal,208164
2016,5,Mai,Cap 16,Perinatal,22562
2016,5,Mai,Cap 17,Congênito,7048
2016,5,Mai,Cap 18,Sintomas/Sinais,14942
2016,5,Mai,Cap 19,Lesões/Traumas,95107
2016,5,Mai,Cap 20,Causas Externas,0
2016,5,Mai,Cap 21,Fatores de Saúde,19200
2016,6,Jun,Cap 01,Infeccioso/Parasitário,61281
2016,6,Jun,Cap 02,Neoplasias,65909
2016,6,Jun,Cap 03,Sangue/Imunidade,7612
2016,6,Jun,Cap 04,Endócrino/Metabólico,19752
2016,6,Jun,Cap 05,Mental/Comportamental,25086
2016,6,Jun,Cap 06,Nervoso,16507
2016,6,Jun,Cap 07,Olho/Anexos,9386
2016,6,Jun,Cap 08,Ouvido,1636
2016,6,Jun,Cap 09,Cardiovascular,98224
2016,6,Jun,Cap 10,Respiratório,123524
2016,6,Jun,Cap 11,Digestivo,90866
2016,6,Jun,Cap 12,Pele/Subcutâneo,20808
2016,6,Jun,Cap 13,Osteomuscular,17939
2016,6,Jun,Cap 14,Geniturinário,64715
2016,6,Jun,Cap 15,Materno/Perinatal,195110
2016,6,Jun,Cap 16,Perinatal,21688
2016,6,Jun,Cap 17,Congênito,7029
2016,6,Jun,Cap 18,Sintomas/Sinais,14597
2016,6,Jun,Cap 19,Lesões/Traumas,93005
2016,6,Jun,Cap 20,Causas Externas,0
2016,6,Jun,Cap 21,Fatores de Saúde,19701
2016,7,Jul,Cap 01,Infeccioso/Parasitário,61852
2016,7,Jul,Cap 02,Neoplasias,64220
2016,7,Jul,Cap 03,Sangue/Imunidade,7602
2016,7,Jul,Cap 04,Endócrino/Metabólico,19812
2016,7,Jul,Cap 05,Mental/Comportamental,26500
2016,7,Jul,Cap 06,Nervoso,16273
2016,7,Jul,Cap 07,Olho/Anexos,9355
2016,7,Jul,Cap 08,Ouvido,1647
2016,7,Jul,Cap 09,Cardiovascular,98467
2016,7,Jul,Cap 10,Respiratório,112109
2016,7,Jul,Cap 11,Digestivo,89536
2016,7,Jul,Cap 12,Pele/Subcutâneo,20591
2016,7,Jul,Cap 13,Osteomuscular,17179
2016,7,Jul,Cap 14,Geniturinário,63323
2016,7,Jul,Cap 15,Materno/Perinatal,194011
2016,7,Jul,Cap 16,Perinatal,21946
2016,7,Jul,Cap 17,Congênito,7013
2016,7,Jul,Cap 18,Sintomas/Sinais,14273
2016,7,Jul,Cap 19,Lesões/Traumas,96694
2016,7,Jul,Cap 20,Causas Externas,0
2016,7,Jul,Cap 21,Fatores de Saúde,18521
2016,8,Ago,Cap 01,Infeccioso/Parasitário,66506
2016,8,Ago,Cap 02,Neoplasias,69853
2016,8,Ago,Cap 03,Sangue/Imunidade,8167
2016,8,Ago,Cap 04,Endócrino/Metabólico,21122
2016,8,Ago,Cap 05,Mental/Comportamental,25917
2016,8,Ago,Cap 06,Nervoso,17631
2016,8,Ago,Cap 07,Olho/Anexos,9967
2016,8,Ago,Cap 08,Ouvido,1721
2016,8,Ago,Cap 09,Cardiovascular,101993
2016,8,Ago,Cap 10,Respiratório,99094
2016,8,Ago,Cap 11,Digestivo,98873
2016,8,Ago,Cap 12,Pele/Subcutâneo,21742
2016,8,Ago,Cap 13,Osteomuscular,18888
2016,8,Ago,Cap 14,Geniturinário,70247
2016,8,Ago,Cap 15,Materno/Perinatal,191404
2016,8,Ago,Cap 16,Perinatal,21677
2016,8,Ago,Cap 17,Congênito,7550
2016,8,Ago,Cap 18,Sintomas/Sinais,15351
2016,8,Ago,Cap 19,Lesões/Traumas,98580
2016,8,Ago,Cap 20,Causas Externas,0
2016,8,Ago,Cap 21,Fatores de Saúde,20717
2016,9,Set,Cap 01,Infeccioso/Parasitário,61688
2016,9,Set,Cap 02,Neoplasias,63735
2016,9,Set,Cap 03,Sangue/Imunidade,8265
2016,9,Set,Cap 04,Endócrino/Metabólico,19891
2016,9,Set,Cap 05,Mental/Comportamental,24149
2016,9,Set,Cap 06,Nervoso,15961
2016,9,Set,Cap 07,Olho/Anexos,9276
2016,9,Set,Cap 08,Ouvido,1499
2016,9,Set,Cap 09,Cardiovascular,94356
2016,9,Set,Cap 10,Respiratório,92085
2016,9,Set,Cap 11,Digestivo,93092
2016,9,Set,Cap 12,Pele/Subcutâneo,19991
2016,9,Set,Cap 13,Osteomuscular,17289
2016,9,Set,Cap 14,Geniturinário,66271
2016,9,Set,Cap 15,Materno/Perinatal,186060
2016,9,Set,Cap 16,Perinatal,20633
2016,9,Set,Cap 17,Congênito,6829
2016,9,Set,Cap 18,Sintomas/Sinais,14788
2016,9,Set,Cap 19,Lesões/Traumas,94416
2016,9,Set,Cap 20,Causas Externas,0
2016,9,Set,Cap 21,Fatores de Saúde,19498
2016,10,Out,Cap 01,Infeccioso/Parasitário,57572
2016,10,Out,Cap 02,Neoplasias,60466
2016,10,Out,Cap 03,Sangue/Imunidade,7827
2016,10,Out,Cap 04,Endócrino/Metabólico,18813
2016,10,Out,Cap 05,Mental/Comportamental,22370
2016,10,Out,Cap 06,Nervoso,14928
2016,10,Out,Cap 07,Olho/Anexos,8555
2016,10,Out,Cap 08,Ouvido,1498
2016,10,Out,Cap 09,Cardiovascular,87890
2016,10,Out,Cap 10,Respiratório,86187
2016,10,Out,Cap 11,Digestivo,86319
2016,10,Out,Cap 12,Pele/Subcutâneo,18304
2016,10,Out,Cap 13,Osteomuscular,15950
2016,10,Out,Cap 14,Geniturinário,61638
2016,10,Out,Cap 15,Materno/Perinatal,174940
2016,10,Out,Cap 16,Perinatal,19365
2016,10,Out,Cap 17,Congênito,6120
2016,10,Out,Cap 18,Sintomas/Sinais,13954
2016,10,Out,Cap 19,Lesões/Traumas,89265
2016,10,Out,Cap 20,Causas Externas,0
2016,10,Out,Cap 21,Fatores de Saúde,17871
2016,11,Nov,Cap 01,Infeccioso/Parasitário,48260
2016,11,Nov,Cap 02,Neoplasias,51832
2016,11,Nov,Cap 03,Sangue/Imunidade,6889
2016,11,Nov,Cap 04,Endócrino/Metabólico,15939
2016,11,Nov,Cap 05,Mental/Comportamental,18734
2016,11,Nov,Cap 06,Nervoso,12601
2016,11,Nov,Cap 07,Olho/Anexos,8118
2016,11,Nov,Cap 08,Ouvido,1291
2016,11,Nov,Cap 09,Cardiovascular,73270
2016,11,Nov,Cap 10,Respiratório,68350
2016,11,Nov,Cap 11,Digestivo,74192
2016,11,Nov,Cap 12,Pele/Subcutâneo,15929
2016,11,Nov,Cap 13,Osteomuscular,13243
2016,11,Nov,Cap 14,Geniturinário,54115
2016,11,Nov,Cap 15,Materno/Perinatal,154129
2016,11,Nov,Cap 16,Perinatal,16143
2016,11,Nov,Cap 17,Congênito,5156
2016,11,Nov,Cap 18,Sintomas/Sinais,11865
2016,11,Nov,Cap 19,Lesões/Traumas,72320
2016,11,Nov,Cap 20,Causas Externas,0
2016,11,Nov,Cap 21,Fatores de Saúde,15784
2016,12,Dez,Cap 01,Infeccioso/Parasitário,28637
2016,12,Dez,Cap 02,Neoplasias,30085
2016,12,Dez,Cap 03,Sangue/Imunidade,4233
2016,12,Dez,Cap 04,Endócrino/Metabólico,10071
2016,12,Dez,Cap 05,Mental/Comportamental,9243
2016,12,Dez,Cap 06,Nervoso,7181
2016,12,Dez,Cap 07,Olho/Anexos,4613
2016,12,Dez,Cap 08,Ouvido,795
2016,12,Dez,Cap 09,Cardiovascular,43387
2016,12,Dez,Cap 10,Respiratório,41800
2016,12,Dez,Cap 11,Digestivo,45845
2016,12,Dez,Cap 12,Pele/Subcutâneo,9639
2016,12,Dez,Cap 13,Osteomuscular,7241
2016,12,Dez,Cap 14,Geniturinário,33894
2016,12,Dez,Cap 15,Materno/Perinatal,111786
2016,12,Dez,Cap 16,Perinatal,9050
2016,12,Dez,Cap 17,Congênito,2686
2016,12,Dez,Cap 18,Sintomas/Sinais,7095
2016,12,Dez,Cap 19,Lesões/Traumas,43208
2016,12,Dez,Cap 20,Causas Externas,0
2016,12,Dez,Cap 21,Fatores de Saúde,10681
2017,1,Jan,Cap 01,Infeccioso/Parasitário,71184
2017,1,Jan,Cap 02,Neoplasias,65610
2017,1,Jan,Cap 03,Sangue/Imunidade,8793
2017,1,Jan,Cap 04,Endócrino/Metabólico,20885
2017,1,Jan,Cap 05,Mental/Comportamental,28207
2017,1,Jan,Cap 06,Nervoso,16488
2017,1,Jan,Cap 07,Olho/Anexos,7414
2017,1,Jan,Cap 08,Ouvido,1676
2017,1,Jan,Cap 09,Cardiovascular,93651
2017,1,Jan,Cap 10,Respiratório,73940
2017,1,Jan,Cap 11,Digestivo,86651
2017,1,Jan,Cap 12,Pele/Subcutâneo,20833
2017,1,Jan,Cap 13,Osteomuscular,16066
2017,1,Jan,Cap 14,Geniturinário,65831
2017,1,Jan,Cap 15,Materno/Perinatal,191604
2017,1,Jan,Cap 16,Perinatal,23296
2017,1,Jan,Cap 17,Congênito,6248
2017,1,Jan,Cap 18,Sintomas/Sinais,15514
2017,1,Jan,Cap 19,Lesões/Traumas,96505
2017,1,Jan,Cap 20,Causas Externas,0
2017,1,Jan,Cap 21,Fatores de Saúde,17094
2017,2,Fev,Cap 01,Infeccioso/Parasitário,64361
2017,2,Fev,Cap 02,Neoplasias,57532
2017,2,Fev,Cap 03,Sangue/Imunidade,8146
2017,2,Fev,Cap 04,Endócrino/Metabólico,18712
2017,2,Fev,Cap 05,Mental/Comportamental,23186
2017,2,Fev,Cap 06,Nervoso,14622
2017,2,Fev,Cap 07,Olho/Anexos,6853
2017,2,Fev,Cap 08,Ouvido,1489
2017,2,Fev,Cap 09,Cardiovascular,84336
2017,2,Fev,Cap 10,Respiratório,77973
2017,2,Fev,Cap 11,Digestivo,79854
2017,2,Fev,Cap 12,Pele/Subcutâneo,19520
2017,2,Fev,Cap 13,Osteomuscular,14886
2017,2,Fev,Cap 14,Geniturinário,61281
2017,2,Fev,Cap 15,Materno/Perinatal,185111
2017,2,Fev,Cap 16,Perinatal,22042
2017,2,Fev,Cap 17,Congênito,5901
2017,2,Fev,Cap 18,Sintomas/Sinais,14107
2017,2,Fev,Cap 19,Lesões/Traumas,88665
2017,2,Fev,Cap 20,Causas Externas,0
2017,2,Fev,Cap 21,Fatores de Saúde,16673
2017,3,Mar,Cap 01,Infeccioso/Parasitário,71346
2017,3,Mar,Cap 02,Neoplasias,71371
2017,3,Mar,Cap 03,Sangue/Imunidade,9229
2017,3,Mar,Cap 04,Endócrino/Metabólico,21751
2017,3,Mar,Cap 05,Mental/Comportamental,26946
2017,3,Mar,Cap 06,Nervoso,17329
2017,3,Mar,Cap 07,Olho/Anexos,9355
2017,3,Mar,Cap 08,Ouvido,1813
2017,3,Mar,Cap 09,Cardiovascular,97664
2017,3,Mar,Cap 10,Respiratório,112957
2017,3,Mar,Cap 11,Digestivo,97509
2017,3,Mar,Cap 12,Pele/Subcutâneo,23118
2017,3,Mar,Cap 13,Osteomuscular,18343
2017,3,Mar,Cap 14,Geniturinário,71358
2017,3,Mar,Cap 15,Materno/Perinatal,217257
2017,3,Mar,Cap 16,Perinatal,25774
2017,3,Mar,Cap 17,Congênito,7444
2017,3,Mar,Cap 18,Sintomas/Sinais,16227
2017,3,Mar,Cap 19,Lesões/Traumas,98175
2017,3,Mar,Cap 20,Causas Externas,0
2017,3,Mar,Cap 21,Fatores de Saúde,21096
2017,4,Abr,Cap 01,Infeccioso/Parasitário,62747
2017,4,Abr,Cap 02,Neoplasias,61676
2017,4,Abr,Cap 03,Sangue/Imunidade,8147
2017,4,Abr,Cap 04,Endócrino/Metabólico,18905
2017,4,Abr,Cap 05,Mental/Comportamental,23402
2017,4,Abr,Cap 06,Nervoso,15976
2017,4,Abr,Cap 07,Olho/Anexos,7966
2017,4,Abr,Cap 08,Ouvido,1548
2017,4,Abr,Cap 09,Cardiovascular,88533
2017,4,Abr,Cap 10,Respiratório,110353
2017,4,Abr,Cap 11,Digestivo,85760
2017,4,Abr,Cap 12,Pele/Subcutâneo,20446
2017,4,Abr,Cap 13,Osteomuscular,15824
2017,4,Abr,Cap 14,Geniturinário,62354
2017,4,Abr,Cap 15,Materno/Perinatal,205673
2017,4,Abr,Cap 16,Perinatal,24626
2017,4,Abr,Cap 17,Congênito,6231
2017,4,Abr,Cap 18,Sintomas/Sinais,14901
2017,4,Abr,Cap 19,Lesões/Traumas,92835
2017,4,Abr,Cap 20,Causas Externas,0
2017,4,Abr,Cap 21,Fatores de Saúde,18251
2017,5,Mai,Cap 01,Infeccioso/Parasitário,65701
2017,5,Mai,Cap 02,Neoplasias,71871
2017,5,Mai,Cap 03,Sangue/Imunidade,8568
2017,5,Mai,Cap 04,Endócrino/Metabólico,20438
2017,5,Mai,Cap 05,Mental/Comportamental,25284
2017,5,Mai,Cap 06,Nervoso,17287
2017,5,Mai,Cap 07,Olho/Anexos,9534
2017,5,Mai,Cap 08,Ouvido,1823
2017,5,Mai,Cap 09,Cardiovascular,99325
2017,5,Mai,Cap 10,Respiratório,126111
2017,5,Mai,Cap 11,Digestivo,97900
2017,5,Mai,Cap 12,Pele/Subcutâneo,22408
2017,5,Mai,Cap 13,Osteomuscular,18801
2017,5,Mai,Cap 14,Geniturinário,69119
2017,5,Mai,Cap 15,Materno/Perinatal,219082
2017,5,Mai,Cap 16,Perinatal,24863
2017,5,Mai,Cap 17,Congênito,7504
2017,5,Mai,Cap 18,Sintomas/Sinais,16203
2017,5,Mai,Cap 19,Lesões/Traumas,99500
2017,5,Mai,Cap 20,Causas Externas,0
2017,5,Mai,Cap 21,Fatores de Saúde,21165
2017,6,Jun,Cap 01,Infeccioso/Parasitário,60609
2017,6,Jun,Cap 02,Neoplasias,66055
2017,6,Jun,Cap 03,Sangue/Imunidade,8214
2017,6,Jun,Cap 04,Endócrino/Metabólico,19443
2017,6,Jun,Cap 05,Mental/Comportamental,24105
2017,6,Jun,Cap 06,Nervoso,16170
2017,6,Jun,Cap 07,Olho/Anexos,8997
2017,6,Jun,Cap 08,Ouvido,1631
2017,6,Jun,Cap 09,Cardiovascular,95166
2017,6,Jun,Cap 10,Respiratório,119480
2017,6,Jun,Cap 11,Digestivo,91197
2017,6,Jun,Cap 12,Pele/Subcutâneo,21323
2017,6,Jun,Cap 13,Osteomuscular,17282
2017,6,Jun,Cap 14,Geniturinário,63716
2017,6,Jun,Cap 15,Materno/Perinatal,208412
2017,6,Jun,Cap 16,Perinatal,24215
2017,6,Jun,Cap 17,Congênito,7041
2017,6,Jun,Cap 18,Sintomas/Sinais,15438
2017,6,Jun,Cap 19,Lesões/Traumas,95612
2017,6,Jun,Cap 20,Causas Externas,0
2017,6,Jun,Cap 21,Fatores de Saúde,19835
2017,7,Jul,Cap 01,Infeccioso/Parasitário,59598
2017,7,Jul,Cap 02,Neoplasias,67554
2017,7,Jul,Cap 03,Sangue/Imunidade,8061
2017,7,Jul,Cap 04,Endócrino/Metabólico,20117
2017,7,Jul,Cap 05,Mental/Comportamental,24030
2017,7,Jul,Cap 06,Nervoso,16233
2017,7,Jul,Cap 07,Olho/Anexos,10008
2017,7,Jul,Cap 08,Ouvido,1653
2017,7,Jul,Cap 09,Cardiovascular,100424
2017,7,Jul,Cap 10,Respiratório,109894
2017,7,Jul,Cap 11,Digestivo,93124
2017,7,Jul,Cap 12,Pele/Subcutâneo,21237
2017,7,Jul,Cap 13,Osteomuscular,17940
2017,7,Jul,Cap 14,Geniturinário,65987
2017,7,Jul,Cap 15,Materno/Perinatal,205325
2017,7,Jul,Cap 16,Perinatal,23676
2017,7,Jul,Cap 17,Congênito,7275
2017,7,Jul,Cap 18,Sintomas/Sinais,15617
2017,7,Jul,Cap 19,Lesões/Traumas,99380
2017,7,Jul,Cap 20,Causas Externas,0
2017,7,Jul,Cap 21,Fatores de Saúde,20249
2017,8,Ago,Cap 01,Infeccioso/Parasitário,61394
2017,8,Ago,Cap 02,Neoplasias,72344
2017,8,Ago,Cap 03,Sangue/Imunidade,8756
2017,8,Ago,Cap 04,Endócrino/Metabólico,21509
2017,8,Ago,Cap 05,Mental/Comportamental,27910
2017,8,Ago,Cap 06,Nervoso,17407
2017,8,Ago,Cap 07,Olho/Anexos,11231
2017,8,Ago,Cap 08,Ouvido,1863
2017,8,Ago,Cap 09,Cardiovascular,104564
2017,8,Ago,Cap 10,Respiratório,102088
2017,8,Ago,Cap 11,Digestivo,101434
2017,8,Ago,Cap 12,Pele/Subcutâneo,23262
2017,8,Ago,Cap 13,Osteomuscular,19157
2017,8,Ago,Cap 14,Geniturinário,71825
2017,8,Ago,Cap 15,Materno/Perinatal,206220
2017,8,Ago,Cap 16,Perinatal,23951
2017,8,Ago,Cap 17,Congênito,7896
2017,8,Ago,Cap 18,Sintomas/Sinais,16717
2017,8,Ago,Cap 19,Lesões/Traumas,100428
2017,8,Ago,Cap 20,Causas Externas,0
2017,8,Ago,Cap 21,Fatores de Saúde,21970
2017,9,Set,Cap 01,Infeccioso/Parasitário,59345
2017,9,Set,Cap 02,Neoplasias,63954
2017,9,Set,Cap 03,Sangue/Imunidade,8393
2017,9,Set,Cap 04,Endócrino/Metabólico,19713
2017,9,Set,Cap 05,Mental/Comportamental,23968
2017,9,Set,Cap 06,Nervoso,15606
2017,9,Set,Cap 07,Olho/Anexos,9998
2017,9,Set,Cap 08,Ouvido,1682
2017,9,Set,Cap 09,Cardiovascular,93089
2017,9,Set,Cap 10,Respiratório,94079
2017,9,Set,Cap 11,Digestivo,91875
2017,9,Set,Cap 12,Pele/Subcutâneo,20812
2017,9,Set,Cap 13,Osteomuscular,16727
2017,9,Set,Cap 14,Geniturinário,66590
2017,9,Set,Cap 15,Materno/Perinatal,197889
2017,9,Set,Cap 16,Perinatal,22565
2017,9,Set,Cap 17,Congênito,6790
2017,9,Set,Cap 18,Sintomas/Sinais,15503
2017,9,Set,Cap 19,Lesões/Traumas,94598
2017,9,Set,Cap 20,Causas Externas,0
2017,9,Set,Cap 21,Fatores de Saúde,19718
2017,10,Out,Cap 01,Infeccioso/Parasitário,58240
2017,10,Out,Cap 02,Neoplasias,64647
2017,10,Out,Cap 03,Sangue/Imunidade,8497
2017,10,Out,Cap 04,Endócrino/Metabólico,19714
2017,10,Out,Cap 05,Mental/Comportamental,23056
2017,10,Out,Cap 06,Nervoso,15199
2017,10,Out,Cap 07,Olho/Anexos,10885
2017,10,Out,Cap 08,Ouvido,1742
2017,10,Out,Cap 09,Cardiovascular,88933
2017,10,Out,Cap 10,Respiratório,88606
2017,10,Out,Cap 11,Digestivo,92117
2017,10,Out,Cap 12,Pele/Subcutâneo,20454
2017,10,Out,Cap 13,Osteomuscular,17075
2017,10,Out,Cap 14,Geniturinário,67585
2017,10,Out,Cap 15,Materno/Perinatal,190076
2017,10,Out,Cap 16,Perinatal,21347
2017,10,Out,Cap 17,Congênito,6894
2017,10,Out,Cap 18,Sintomas/Sinais,15402
2017,10,Out,Cap 19,Lesões/Traumas,90481
2017,10,Out,Cap 20,Causas Externas,0
2017,10,Out,Cap 21,Fatores de Saúde,20114
2017,11,Nov,Cap 01,Infeccioso/Parasitário,49164
2017,11,Nov,Cap 02,Neoplasias,53587
2017,11,Nov,Cap 03,Sangue/Imunidade,7058
2017,11,Nov,Cap 04,Endócrino/Metabólico,16499
2017,11,Nov,Cap 05,Mental/Comportamental,18981
2017,11,Nov,Cap 06,Nervoso,12450
2017,11,Nov,Cap 07,Olho/Anexos,10359
2017,11,Nov,Cap 08,Ouvido,1394
2017,11,Nov,Cap 09,Cardiovascular,75477
2017,11,Nov,Cap 10,Respiratório,73461
2017,11,Nov,Cap 11,Digestivo,80896
2017,11,Nov,Cap 12,Pele/Subcutâneo,17597
2017,11,Nov,Cap 13,Osteomuscular,13836
2017,11,Nov,Cap 14,Geniturinário,58344
2017,11,Nov,Cap 15,Materno/Perinatal,170615
2017,11,Nov,Cap 16,Perinatal,17993
2017,11,Nov,Cap 17,Congênito,5551
2017,11,Nov,Cap 18,Sintomas/Sinais,12533
2017,11,Nov,Cap 19,Lesões/Traumas,73592
2017,11,Nov,Cap 20,Causas Externas,0
2017,11,Nov,Cap 21,Fatores de Saúde,17398
2017,12,Dez,Cap 01,Infeccioso/Parasitário,30513
2017,12,Dez,Cap 02,Neoplasias,31488
2017,12,Dez,Cap 03,Sangue/Imunidade,4572
2017,12,Dez,Cap 04,Endócrino/Metabólico,10482
2017,12,Dez,Cap 05,Mental/Comportamental,9312
2017,12,Dez,Cap 06,Nervoso,7235
2017,12,Dez,Cap 07,Olho/Anexos,7076
2017,12,Dez,Cap 08,Ouvido,845
2017,12,Dez,Cap 09,Cardiovascular,46163
2017,12,Dez,Cap 10,Respiratório,44267
2017,12,Dez,Cap 11,Digestivo,52831
2017,12,Dez,Cap 12,Pele/Subcutâneo,11098
2017,12,Dez,Cap 13,Osteomuscular,7951
2017,12,Dez,Cap 14,Geniturinário,37083
2017,12,Dez,Cap 15,Materno/Perinatal,120552
2017,12,Dez,Cap 16,Perinatal,9735
2017,12,Dez,Cap 17,Congênito,3252
2017,12,Dez,Cap 18,Sintomas/Sinais,7923
2017,12,Dez,Cap 19,Lesões/Traumas,43795
2017,12,Dez,Cap 20,Causas Externas,0
2017,12,Dez,Cap 21,Fatores de Saúde,11979
2018,1,Jan,Cap 01,Infeccioso/Parasitário,71050
2018,1,Jan,Cap 02,Neoplasias,69689
2018,1,Jan,Cap 03,Sangue/Imunidade,9154
2018,1,Jan,Cap 04,Endócrino/Metabólico,21518
2018,1,Jan,Cap 05,Mental/Comportamental,28184
2018,1,Jan,Cap 06,Nervoso,16823
2018,1,Jan,Cap 07,Olho/Anexos,9039
2018,1,Jan,Cap 08,Ouvido,1627
2018,1,Jan,Cap 09,Cardiovascular,96394
2018,1,Jan,Cap 10,Respiratório,74866
2018,1,Jan,Cap 11,Digestivo,96107
2018,1,Jan,Cap 12,Pele/Subcutâneo,23035
2018,1,Jan,Cap 13,Osteomuscular,17643
2018,1,Jan,Cap 14,Geniturinário,70990
2018,1,Jan,Cap 15,Materno/Perinatal,210626
2018,1,Jan,Cap 16,Perinatal,25398
2018,1,Jan,Cap 17,Congênito,7012
2018,1,Jan,Cap 18,Sintomas/Sinais,17026
2018,1,Jan,Cap 19,Lesões/Traumas,99392
2018,1,Jan,Cap 20,Causas Externas,0
2018,1,Jan,Cap 21,Fatores de Saúde,19346
2018,2,Fev,Cap 01,Infeccioso/Parasitário,64412
2018,2,Fev,Cap 02,Neoplasias,60207
2018,2,Fev,Cap 03,Sangue/Imunidade,7916
2018,2,Fev,Cap 04,Endócrino/Metabólico,18638
2018,2,Fev,Cap 05,Mental/Comportamental,23704
2018,2,Fev,Cap 06,Nervoso,15366
2018,2,Fev,Cap 07,Olho/Anexos,8694
2018,2,Fev,Cap 08,Ouvido,1417
2018,2,Fev,Cap 09,Cardiovascular,86689
2018,2,Fev,Cap 10,Respiratório,67973
2018,2,Fev,Cap 11,Digestivo,85380
2018,2,Fev,Cap 12,Pele/Subcutâneo,20850
2018,2,Fev,Cap 13,Osteomuscular,15697
2018,2,Fev,Cap 14,Geniturinário,63391
2018,2,Fev,Cap 15,Materno/Perinatal,192866
2018,2,Fev,Cap 16,Perinatal,23318
2018,2,Fev,Cap 17,Congênito,6356
2018,2,Fev,Cap 18,Sintomas/Sinais,15472
2018,2,Fev,Cap 19,Lesões/Traumas,89282
2018,2,Fev,Cap 20,Causas Externas,0
2018,2,Fev,Cap 21,Fatores de Saúde,18322
2018,3,Mar,Cap 01,Infeccioso/Parasitário,71428
2018,3,Mar,Cap 02,Neoplasias,70578
2018,3,Mar,Cap 03,Sangue/Imunidade,9185
2018,3,Mar,Cap 04,Endócrino/Metabólico,20672
2018,3,Mar,Cap 05,Mental/Comportamental,26239
2018,3,Mar,Cap 06,Nervoso,17018
2018,3,Mar,Cap 07,Olho/Anexos,10824
2018,3,Mar,Cap 08,Ouvido,1744
2018,3,Mar,Cap 09,Cardiovascular,96231
2018,3,Mar,Cap 10,Respiratório,95885
2018,3,Mar,Cap 11,Digestivo,99332
2018,3,Mar,Cap 12,Pele/Subcutâneo,23471
2018,3,Mar,Cap 13,Osteomuscular,18116
2018,3,Mar,Cap 14,Geniturinário,73683
2018,3,Mar,Cap 15,Materno/Perinatal,220235
2018,3,Mar,Cap 16,Perinatal,26645
2018,3,Mar,Cap 17,Congênito,7304
2018,3,Mar,Cap 18,Sintomas/Sinais,17799
2018,3,Mar,Cap 19,Lesões/Traumas,99553
2018,3,Mar,Cap 20,Causas Externas,0
2018,3,Mar,Cap 21,Fatores de Saúde,22212
2018,4,Abr,Cap 01,Infeccioso/Parasitário,67197
2018,4,Abr,Cap 02,Neoplasias,71361
2018,4,Abr,Cap 03,Sangue/Imunidade,8831
2018,4,Abr,Cap 04,Endócrino/Metabólico,19784
2018,4,Abr,Cap 05,Mental/Comportamental,25192
2018,4,Abr,Cap 06,Nervoso,17261
2018,4,Abr,Cap 07,Olho/Anexos,9856
2018,4,Abr,Cap 08,Ouvido,1740
2018,4,Abr,Cap 09,Cardiovascular,94971
2018,4,Abr,Cap 10,Respiratório,114082
2018,4,Abr,Cap 11,Digestivo,99306
2018,4,Abr,Cap 12,Pele/Subcutâneo,22926
2018,4,Abr,Cap 13,Osteomuscular,18489
2018,4,Abr,Cap 14,Geniturinário,71025
2018,4,Abr,Cap 15,Materno/Perinatal,219948
2018,4,Abr,Cap 16,Perinatal,25548
2018,4,Abr,Cap 17,Congênito,7375
2018,4,Abr,Cap 18,Sintomas/Sinais,17342
2018,4,Abr,Cap 19,Lesões/Traumas,98962
2018,4,Abr,Cap 20,Causas Externas,0
2018,4,Abr,Cap 21,Fatores de Saúde,21843
2018,5,Mai,Cap 01,Infeccioso/Parasitário,65047
2018,5,Mai,Cap 02,Neoplasias,71189
2018,5,Mai,Cap 03,Sangue/Imunidade,8826
2018,5,Mai,Cap 04,Endócrino/Metabólico,19593
2018,5,Mai,Cap 05,Mental/Comportamental,25295
2018,5,Mai,Cap 06,Nervoso,17171
2018,5,Mai,Cap 07,Olho/Anexos,10580
2018,5,Mai,Cap 08,Ouvido,1720
2018,5,Mai,Cap 09,Cardiovascular,96319
2018,5,Mai,Cap 10,Respiratório,125820
2018,5,Mai,Cap 11,Digestivo,98663
2018,5,Mai,Cap 12,Pele/Subcutâneo,23029
2018,5,Mai,Cap 13,Osteomuscular,18020
2018,5,Mai,Cap 14,Geniturinário,69733
2018,5,Mai,Cap 15,Materno/Perinatal,221368
2018,5,Mai,Cap 16,Perinatal,25595
2018,5,Mai,Cap 17,Congênito,7247
2018,5,Mai,Cap 18,Sintomas/Sinais,17001
2018,5,Mai,Cap 19,Lesões/Traumas,99484
2018,5,Mai,Cap 20,Causas Externas,0
2018,5,Mai,Cap 21,Fatores de Saúde,22488
2018,6,Jun,Cap 01,Infeccioso/Parasitário,58310
2018,6,Jun,Cap 02,Neoplasias,68249
2018,6,Jun,Cap 03,Sangue/Imunidade,8261
2018,6,Jun,Cap 04,Endócrino/Metabólico,19120
2018,6,Jun,Cap 05,Mental/Comportamental,25054
2018,6,Jun,Cap 06,Nervoso,16421
2018,6,Jun,Cap 07,Olho/Anexos,10537
2018,6,Jun,Cap 08,Ouvido,1542
2018,6,Jun,Cap 09,Cardiovascular,95796
2018,6,Jun,Cap 10,Respiratório,121747
2018,6,Jun,Cap 11,Digestivo,93948
2018,6,Jun,Cap 12,Pele/Subcutâneo,21510
2018,6,Jun,Cap 13,Osteomuscular,17353
2018,6,Jun,Cap 14,Geniturinário,66616
2018,6,Jun,Cap 15,Materno/Perinatal,204953
2018,6,Jun,Cap 16,Perinatal,24108
2018,6,Jun,Cap 17,Congênito,6992
2018,6,Jun,Cap 18,Sintomas/Sinais,16213
2018,6,Jun,Cap 19,Lesões/Traumas,96630
2018,6,Jun,Cap 20,Causas Externas,0
2018,6,Jun,Cap 21,Fatores de Saúde,21670
2018,7,Jul,Cap 01,Infeccioso/Parasitário,59295
2018,7,Jul,Cap 02,Neoplasias,72054
2018,7,Jul,Cap 03,Sangue/Imunidade,8463
2018,7,Jul,Cap 04,Endócrino/Metabólico,19974
2018,7,Jul,Cap 05,Mental/Comportamental,25165
2018,7,Jul,Cap 06,Nervoso,17057
2018,7,Jul,Cap 07,Olho/Anexos,10790
2018,7,Jul,Cap 08,Ouvido,1668
2018,7,Jul,Cap 09,Cardiovascular,100285
2018,7,Jul,Cap 10,Respiratório,117063
2018,7,Jul,Cap 11,Digestivo,98794
2018,7,Jul,Cap 12,Pele/Subcutâneo,22058
2018,7,Jul,Cap 13,Osteomuscular,18786
2018,7,Jul,Cap 14,Geniturinário,69056
2018,7,Jul,Cap 15,Materno/Perinatal,208155
2018,7,Jul,Cap 16,Perinatal,24323
2018,7,Jul,Cap 17,Congênito,7469
2018,7,Jul,Cap 18,Sintomas/Sinais,16929
2018,7,Jul,Cap 19,Lesões/Traumas,102028
2018,7,Jul,Cap 20,Causas Externas,0
2018,7,Jul,Cap 21,Fatores de Saúde,22176
2018,8,Ago,Cap 01,Infeccioso/Parasitário,60075
2018,8,Ago,Cap 02,Neoplasias,75934
2018,8,Ago,Cap 03,Sangue/Imunidade,8957
2018,8,Ago,Cap 04,Endócrino/Metabólico,21286
2018,8,Ago,Cap 05,Mental/Comportamental,26132
2018,8,Ago,Cap 06,Nervoso,17820
2018,8,Ago,Cap 07,Olho/Anexos,12109
2018,8,Ago,Cap 08,Ouvido,1752
2018,8,Ago,Cap 09,Cardiovascular,104820
2018,8,Ago,Cap 10,Respiratório,104802
2018,8,Ago,Cap 11,Digestivo,104960
2018,8,Ago,Cap 12,Pele/Subcutâneo,23317
2018,8,Ago,Cap 13,Osteomuscular,19416
2018,8,Ago,Cap 14,Geniturinário,73912
2018,8,Ago,Cap 15,Materno/Perinatal,206721
2018,8,Ago,Cap 16,Perinatal,24462
2018,8,Ago,Cap 17,Congênito,8322
2018,8,Ago,Cap 18,Sintomas/Sinais,17846
2018,8,Ago,Cap 19,Lesões/Traumas,102649
2018,8,Ago,Cap 20,Causas Externas,0
2018,8,Ago,Cap 21,Fatores de Saúde,23639
2018,9,Set,Cap 01,Infeccioso/Parasitário,57141
2018,9,Set,Cap 02,Neoplasias,67351
2018,9,Set,Cap 03,Sangue/Imunidade,8638
2018,9,Set,Cap 04,Endócrino/Metabólico,19809
2018,9,Set,Cap 05,Mental/Comportamental,23716
2018,9,Set,Cap 06,Nervoso,16271
2018,9,Set,Cap 07,Olho/Anexos,11173
2018,9,Set,Cap 08,Ouvido,1617
2018,9,Set,Cap 09,Cardiovascular,94902
2018,9,Set,Cap 10,Respiratório,94164
2018,9,Set,Cap 11,Digestivo,98008
2018,9,Set,Cap 12,Pele/Subcutâneo,20813
2018,9,Set,Cap 13,Osteomuscular,17614
2018,9,Set,Cap 14,Geniturinário,68613
2018,9,Set,Cap 15,Materno/Perinatal,199474
2018,9,Set,Cap 16,Perinatal,23324
2018,9,Set,Cap 17,Congênito,7225
2018,9,Set,Cap 18,Sintomas/Sinais,17206
2018,9,Set,Cap 19,Lesões/Traumas,97444
2018,9,Set,Cap 20,Causas Externas,0
2018,9,Set,Cap 21,Fatores de Saúde,21535
2018,10,Out,Cap 01,Infeccioso/Parasitário,56966
2018,10,Out,Cap 02,Neoplasias,69142
2018,10,Out,Cap 03,Sangue/Imunidade,8721
2018,10,Out,Cap 04,Endócrino/Metabólico,19863
2018,10,Out,Cap 05,Mental/Comportamental,23964
2018,10,Out,Cap 06,Nervoso,16275
2018,10,Out,Cap 07,Olho/Anexos,12276
2018,10,Out,Cap 08,Ouvido,1607
2018,10,Out,Cap 09,Cardiovascular,94398
2018,10,Out,Cap 10,Respiratório,88634
2018,10,Out,Cap 11,Digestivo,100459
2018,10,Out,Cap 12,Pele/Subcutâneo,21346
2018,10,Out,Cap 13,Osteomuscular,18261
2018,10,Out,Cap 14,Geniturinário,71190
2018,10,Out,Cap 15,Materno/Perinatal,193133
2018,10,Out,Cap 16,Perinatal,21751
2018,10,Out,Cap 17,Congênito,7359
2018,10,Out,Cap 18,Sintomas/Sinais,16911
2018,10,Out,Cap 19,Lesões/Traumas,93275
2018,10,Out,Cap 20,Causas Externas,0
2018,10,Out,Cap 21,Fatores de Saúde,21924
2018,11,Nov,Cap 01,Infeccioso/Parasitário,48506
2018,11,Nov,Cap 02,Neoplasias,55723
2018,11,Nov,Cap 03,Sangue/Imunidade,7383
2018,11,Nov,Cap 04,Endócrino/Metabólico,16240
2018,11,Nov,Cap 05,Mental/Comportamental,18936
2018,11,Nov,Cap 06,Nervoso,13224
2018,11,Nov,Cap 07,Olho/Anexos,10618
2018,11,Nov,Cap 08,Ouvido,1391
2018,11,Nov,Cap 09,Cardiovascular,75910
2018,11,Nov,Cap 10,Respiratório,74226
2018,11,Nov,Cap 11,Digestivo,83221
2018,11,Nov,Cap 12,Pele/Subcutâneo,17245
2018,11,Nov,Cap 13,Osteomuscular,14644
2018,11,Nov,Cap 14,Geniturinário,60345
2018,11,Nov,Cap 15,Materno/Perinatal,170399
2018,11,Nov,Cap 16,Perinatal,18099
2018,11,Nov,Cap 17,Congênito,5402
2018,11,Nov,Cap 18,Sintomas/Sinais,13291
2018,11,Nov,Cap 19,Lesões/Traumas,74353
2018,11,Nov,Cap 20,Causas Externas,0
2018,11,Nov,Cap 21,Fatores de Saúde,18824
2018,12,Dez,Cap 01,Infeccioso/Parasitário,30185
2018,12,Dez,Cap 02,Neoplasias,31323
2018,12,Dez,Cap 03,Sangue/Imunidade,4529
2018,12,Dez,Cap 04,Endócrino/Metabólico,10298
2018,12,Dez,Cap 05,Mental/Comportamental,9493
2018,12,Dez,Cap 06,Nervoso,7700
2018,12,Dez,Cap 07,Olho/Anexos,7360
2018,12,Dez,Cap 08,Ouvido,854
2018,12,Dez,Cap 09,Cardiovascular,45112
2018,12,Dez,Cap 10,Respiratório,44687
2018,12,Dez,Cap 11,Digestivo,52885
2018,12,Dez,Cap 12,Pele/Subcutâneo,10894
2018,12,Dez,Cap 13,Osteomuscular,8661
2018,12,Dez,Cap 14,Geniturinário,37676
2018,12,Dez,Cap 15,Materno/Perinatal,116696
2018,12,Dez,Cap 16,Perinatal,9490
2018,12,Dez,Cap 17,Congênito,3221
2018,12,Dez,Cap 18,Sintomas/Sinais,7671
2018,12,Dez,Cap 19,Lesões/Traumas,43032
2018,12,Dez,Cap 20,Causas Externas,0
2018,12,Dez,Cap 21,Fatores de Saúde,12594
